cluster_id,row_id,who_reached,phone,campaign_name,reason_core,reason_free_text,outcome_free_text,confidence,evidence_json
0,e2a2c66650eca4579eef5cec43b65017822cf70e,,+4924175083300,Dexter  PLZ 4-9,time constraints,time constraints; agreed to check link,invitation to meeting to be sent,0.86,"{""quote"": ""Ich habe nicht so viel Zeit, sehr leid.""}"
0,05b9ce718933a2febad16bbd8e1ed3cc77e67e66,,+4977189868322,Dexter  PLZ 4-9,timing,timing; implementing own system,callback requested,0.9,"{""quote"": ""in der Umsetzungsphase wird aber noch mindestens drei Monate dauern.""}"
0,18b806a80f02a32387a0e6cd7a5ead6801a7720d,,+4922463110,Dexter  PLZ 4-9,timing,timing; needs team discussion,callback requested,0.9,"{""quote"": ""im Herbst noch mal reinklingen""}"
0,24e6d3c0bc87448e0434f409db2723da1fbd8106,,+4923849300,DEXTER  PLZ 4+5,timing,timing; on vacation,callback in november,0.5,"{""quote"": ""Dann melde ich mich im November nochmal.""}"
0,26507d7fdd13f5f633f0d8d7edeb4da5a805911b,,+4962167191190,Dexter  PLZ 4-9,timing,timing; busy with large projects,callback scheduled for 2026,0.9,"{""quote"": ""ich kann mich gerne im Jahr 2026 nochmal melden""}"
0,273695a7ca6eb9d8b6a6a956d86727018d98388b,,+49206497050,Dexter  PLZ 4-9,timing,timing; undergoing program reorganization,callback requested,0.9,"{""quote"": ""Wir sind aktuell dabei, unser Programm umzustellen.""}"
0,32f096e89cf00b5931fbfb16651d545cce14375b,,+4952657370,DEXTER  PLZ 3+6,timing,timing; after vacation,callback scheduled,0.9,"{""quote"": ""Dann melde ich mich am Mittwoch um elf Uhr bei Ihnen.""}"
0,375fed8054688dfdac1322163379b57e1014e60c,,+49725196550,Dexter  PLZ 4-9,timing,timing; busy schedule,callback requested,0.9,"{""quote"": ""Sie können gerne mal vielleicht in vier, sechs Wochen nochmal anrufen.""}"
0,67ec9d79a937d1b5c9a2605d582f75ed5c1814d2,,+49665591670,DEXTER  PLZ 3+6,timing,timing; on vacation,callback requested,0.9,"{""quote"": ""Rufen Sie bitte in der Folgewoche an, weil ich nächste Woche im Urlaub bin.""}"
0,6cb582e1e54ac80e1b5f4e7151b69804d88017a5,,+4936076993167,DEXTER  PLZ 3+6,timing,timing; other projects,no sale,0.9,"{""quote"": ""Aber aktuell habe ich hier andere Großprojekte und da möchte ich das aktuell nicht.""}"
0,70c015f657a749154d92d9c1353917b32bb53174,,+493846420161,Dexter PLZ 1-2-8,timing,timing; busy; end of month,callback requested,0.9,"{""quote"": ""Wir haben gerade sehr viel zu tun und es ist Monatsende.""}"
0,77c0ebab3afc24d94778c48b74374ab812b60f64,,+498954714125,Dexter PLZ 1-2-8,timing,timing; digitalization still in progress,email will be sent,0.9,"{""quote"": ""es dauert bei uns noch ein bisschen, digitalisierung""}"
0,894c3aa6ddeb921d39e814066f8606637abfa00e,,+497265341,Dexter  PLZ 4-9,timing,timing; project uncertainty,callback requested,0.9,"{""quote"": ""Ach, das sagen Sie im nächsten neuen Jahr April mich nochmal melden dann, ja?""}"
0,9e2a5c1dc431e536d7f59e4ad9850e33f0540f77,,+49535158580,DEXTER  PLZ 3+6,timing,timing; onboarding medifox,callback requested,0.8,"{""quote"": ""erst Anfang, Mitte nächstes Jahr richtig aktiv mit Medifox unterwegs sind""}"
0,a83c633d8a4f9f89426289b12506441f8f11d093,,+49333438541125,Dexter PLZ 1-2-8,timing,timing; other priorities,callback requested next year,0.9,"{""quote"": ""Gerne im nächsten Jahr.""}"
0,acfe6be1a36120988b52825c979fd49f74be1990,,+492773747112,DEXTER  PLZ 3+6,timing,timing; internal meeting,callback requested,0.9,"{""quote"": ""Dass ich im Oktober nochmal angerufen werde""}"
0,cdeaa006dfbf8e617bec2c75b3e65d510182943d,,+497764933530,DEXTER  PLZ 7,timing,timing; busy,callback requested,0.9,"{""quote"": ""Könnten Sie mich noch mal so in zwei Wochen anrufen?""}"
0,e463510414e37d84e6f08f1bbcdf9cc9b8df4831,,+497851935913,Dexter  PLZ 4-9,timing,timing; busy with construction,callback in autumn,0.9,"{""quote"": ""Wir sind jetzt im Moment noch eher mit einem Bauprojekt beschäftigt""}"
0,f2296ccd9b0185bfebb7eceb7e245e601de99f3f,,+49565174520,DEXTER  PLZ 3+6,timing,timing; not needed now,callback requested,0.9,"{""quote"": ""vielleicht das Ende des Jahres nochmal anrufen.""}"
0,f4410e1bfec5356cb6ddd4d9f9505afa44c19b3f,,+4975338070,DEXTER  PLZ 7,timing,timing; busy with project,follow-up next year,0.9,"{""quote"": ""Nächstes Jahr bin ich erstmal selber im Projekt""}"
0,f47998ccb89f3858531032f613510e3268752d95,,+4926716008201,Dexter  PLZ 4-9,timing,timing; company takeover,callback requested,0.95,"{""quote"": ""Ja, Sie können sich gerne in drei Monaten nochmal melden, da weiß ich vielleicht mehr.""}"
0,fa1e505e9e05195dced460995e9b8e6e3ab4c62d,,+499264995820,DEXTER  PLZ 9,timing,timing; busy with system change after insolvency,callback requested,0.9,"{""quote"": ""Vielleicht kann ich mich ja so gegen Ende vom Jahr nochmal bei Ihnen melden.""}"
1,8462543b02e720f9f799d9bc9058446bfd553fed,,+497191146300,DEXTER  PLZ 7,confirmed contact,confirmed contact; agreed appointment,appointment scheduled,0.9,"{""quote"": ""Ich bin jetzt bei der Pflegedienstleitung.""}"
1,d73306f83525905fbab9a7cd34e331d6538a6f7e,,+495425955130,DEXTER  PLZ 3+6,confirmed via email,confirmed via email,appointment confirmed,0.9,"{""quote"": ""Ich habe den Termin schon bestätigt.""}"
1,061679b8bc770d60cb86b5ce52659987cbf67ae6,,+495139986314,DEXTER  PLZ 3+6,invite email sent,invite email sent; recipient will confirm,invite sent,0.8,"{""quote"": ""ich habe die Einladung abgeschickt an die Info at eichelhoff-brogwd.de""}"
1,d953ef98badc18ff1ace844999377200e233e2c5,,+494141970,Dexter PLZ 1-2-8,prefers email communication,prefers email communication,information requested by email,0.9,"{""quote"": ""Sie können mir gerne eine E-Mail schicken""}"
1,751b1ae8ddf2574ac1db8e43011644c7279b669a,,+4968159590610,DEXTER  PLZ 3+6,provided contact details,provided contact details,appointment confirmation will be sent,0.9,"{""quote"": ""Sie bekommen von mir die Terminbestätigung an Ihre E-Mail-Adresse""}"
1,c0c30fc51df08a86b55a1599a46dc0cf4e0040b1,,+49421427796118,Dexter PLZ 1-2-8,provided contact details,provided contact details,invitation sent,0.9,"{""quote"": ""ich schicke den Einladungslink zugleich, in den nächsten Minuten ist es da.""}"
1,b8f676bad6883854bf486d6eec850c11a823a2a4,,+496151999104,Dexter  PLZ 4-9,provided email,provided email; receptive,invitation sent,0.9,"{""quote"": ""ich schicke dir einen Einladungslink zu""}"
1,e03dcb356d203ff5e5a1e5a0effc1af622932d74,,+4960552067,DEXTER  PLZ 3+6,provided email,provided email; will confirm,invitation link to confirm,0.9,"{""quote"": ""Also ich schicke Ihnen den Einladungslink zu an die E-Mail-Adresse""}"
1,df2e0eef748d188dc948ff26eb673bdfb8a9f6eb,,+498071710,Dexter PLZ 1-2-8,provided email address,provided email address,invitation will be sent,0.9,"{""quote"": ""Super, ich lege den Einladungslink zu Frau Weinig.""}"
1,7deb1f5a357c10e77e92f8611b01d202a2eda861,,+49804176590,Dexter PLZ 1-2-8,provided email address and facility details,provided email address and facility details,invitation sent,0.9,"{""quote"": ""Ich schicke den Einladungslink zu an Pelagia.nüsken.""}"
1,42b7b9f53495ac2c321527b34ea68d58728a63d3,,+49359552040,Dexter PLZ 1-2-8,provided email and details,provided email and details,invitation arranged,0.9,"{""quote"": ""Okay, also ich schicke den Einladungslink zu an die E-Mail-Adresse.""}"
1,dde1999ef2eea66c9b9827af6a3bc43f78fb38df,,+4920433730,DEXTER  PLZ 4+5,provided email and facility details,provided email and facility details,invitation promised,0.9,"{""quote"": ""Sie bekommen von mir gleich auch die Themenbestätigung und später den Einladungslink.""}"
1,ab11b6d4ac29b9278f4d50aa263feda960c835bf,,+4922747070,DEXTER  PLZ 4+5,provided email and info,provided email and info,appointment scheduled,0.85,"{""quote"": ""Sie bekommen gleich mit der Terminbestätigung an Ihre E-Mail-Adresse zugesandt.""}"
2,308271ed40044314176d804ebc678b3c5ca288e7,,+499575981530,Dexter  PLZ 4-9,accepted invitation,accepted invitation; interested,callback scheduled,0.9,"{""quote"": ""Ist es schon angekommen? Ja. Das ist prima.""}"
2,b19ad536c44cb984a5660e46f2b339c8f4c288c9,,+498031356450,Dexter PLZ 1-2-8,accepted invitation,accepted invitation; provided email,appointment scheduled,0.9,"{""quote"": ""Für den 1. Oktober, den Mittwoch, 11.15 Uhr.""}"
2,79ba9c4e70645f6536e9b3f2671d729e1187439f,,+493691887300,Dexter  PLZ 4-9,agreed to accept invitation,agreed to accept invitation,introductory link will be sent,0.9,"{""quote"": ""Ich schicke den Einleitungslink zu an die E-Mail-Adresse""}"
2,ff6be4df56914b74f0586bedb2aba6205c79a6de,,+492363567870,DEXTER  PLZ 4+5,agreed to appointment,agreed to appointment,appointment scheduled,0.9,"{""quote"": ""Sie bekommen von mir gleich die Bestätigung für den Termin.""}"
2,82fca42ce81273b58977f9347f0d91fa4230cc06,,+4947637277,Dexter PLZ 1-2-8,agreed to check email and accept invitation,agreed to check email and accept invitation,invitation sent,0.9,"{""quote"": ""Ok, ich schicke den Einladungslink zu.""}"
2,9d67a5796cb94eeab81c581b58cd5c55700db3ca,,+4921039150,DEXTER  PLZ 4+5,agreed to confirm invitation,agreed to confirm invitation,meeting scheduled,0.9,"{""quote"": ""Ja, mache ich.""}"
2,bd2720419881776afa779206828f7b49a2313812,,+492712389950,DEXTER  PLZ 4+5,agreed to confirm invite,agreed to confirm invite,appointment scheduled,0.9,"{""quote"": ""Okay, ich schicke den Einladungslink zu, schauen Sie mal bitte gleich""}"
2,46a067562612132bd8ee798218d9f4f89d8667ca,,+492095130510,DEXTER  Messe,agreed to meeting,agreed to meeting; provided email,demo appointment scheduled,0.9,"{""quote"": ""Sie bekommen gleich von mir die Terminbestätigung""}"
2,aaa295d9343af4e671756e4911aaee4bf353677e,,+49276391430,DEXTER  PLZ 4+5,agreed to meeting,agreed to meeting; confirmed details,appointment scheduled,0.9,"{""quote"": ""Sie bekommen von mir die Terminbestätigung an Ihre E-Mail-Adresse zugesandt.""}"
2,64c3341d4969be341dbb1d611db182327f7d517a,,+49251915554000,DEXTER  PLZ 4+5,agreed to receive invitation,agreed to receive invitation,invitation sent,0.9,"{""quote"": ""Ich schicke Ihnen jetzt den Einladungslink zu.""}"
2,d7d698cfcd639bcb62df5c8d28582ac5520d45a2,,+4936159059400,Dexter  PLZ 4-9,agreed to receive invitation,agreed to receive invitation,invite sent,0.9,"{""quote"": ""ich schicke den Einladungslink zu.""}"
2,d3478a9910268b18d23670479f112469cea3eda4,,+4961514090100,DEXTER  PLZ 3+6,available to confirm invitation,available to confirm invitation,invitation sent,0.9,"{""quote"": ""Sie bekommen von mir gleich an Ihre E-Mail-Adressen einen Einladungslink zugesandt.""}"
2,f7403d6e466a4589f49c718b01f42c3ce1efefb2,,+4957243990083,DEXTER  PLZ 3+6,confirmed invitation,confirmed invitation,meeting confirmed,0.9,"{""quote"": ""Aber ich habe jetzt bestätigt.""}"
2,53202e165318684abf2e5e133b2cec53b549091a,,+49723149040,DEXTER  PLZ 7,email received,email received; confirmed time,appointment scheduled,0.9,"{""quote"": ""Und 11. Oktober 10.30 Uhr buche ich dann für Sie gleich.""}"
2,ff702d082f5ae76c38eb044a2928feaf3fa4bab7,,+49297297130,Dexter  PLZ 4-9,invitation received,invitation received,appointment accepted,0.9,"{""quote"": ""Super, Sie werden auch teilnehmen, wir freuen uns auf Sie, Frau Leier.""}"
2,06cc8e94751fdeed4bc494334a3afe7167fe0611,,+4971121689536,DEXTER  PLZ 7,received invitation,received invitation; confirmed,appointment confirmed,0.8,"{""quote"": ""bitte die Einladung jetzt bestätigen""}"
2,e638ea406b1f1e7f8caf42b6b3f90e2a20f7558b,,+4920665080103,DEXTER  PLZ 9,received invitation,received invitation; confirmed on pc,invitation accepted,0.85,"{""quote"": ""Bitte noch die Einladung bestätigen""}"
2,8548b55ecc0729e80980c8974d5ff3007f54cf60,,+49615463990,DEXTER  PLZ 3+6,representative accepted invite,representative accepted invite,appointment scheduled,0.8,"{""quote"": ""Ich schicke den Einladungsdienst gleich zu.""}"
3,208fe0c46c7388c27cb331dd6f013e63d315e7b9,,+493916058177,DEXTER  PLZ 3+6,no current need,no current need; will contact later,no sale,0.9,"{""quote"": ""dass wir da aktuell keinen Bedarf haben""}"
3,36a5d55e4240474d173a17300ca23d9683d4b623,,+493684840590,DEXTER  PLZ 9,no current need,no current need,no sale,0.9,"{""quote"": ""Ja, da habe ich aber im Moment keinen Bedarf.""}"
3,a37e33c2d9d4d061578923e79e8a6460946572be,,+4924175083300,DEXTER  PLZ 4+5,no current need,no current need,no sale,0.9,"{""quote"": ""wir haben jetzt aktuell keinen Bedarf.""}"
3,009268fb9935aa0a8417f446fdfaef5de5be46c5,,+495535573,DEXTER  PLZ 3+6,no need,no need,no sale,0.8,"{""quote"": ""Nee, da brauchen wir nichts.""}"
3,109b82d1b8591ab22a3f071c19f47752314772ae,,+4928239705110,DEXTER  PLZ 4+5,no need,no need; little time,no sale,0.9,"{""quote"": ""habe ich gerade keinen Bedarf""}"
3,23eb3778a54798634c2e65f109597a8c168a2232,,+49420791790,Dexter PLZ 1-2-8,no need,no need; no action required,no sale,0.9,"{""quote"": ""aber da haben wir kein Interesse.""}"
3,5145d687084aaf4374e54536913382ca64b78eaf,,+49723196600,DEXTER  PLZ 7,no need,no need; not interested,no sale,0.9,"{""quote"": ""also er meint, wir brauchen das nicht.""}"
3,5cc730f0697614838acbdcdc4017469bd390c917,,+49772083060,DEXTER  PLZ 7,no need,no need; not interested,no sale,0.9,"{""quote"": ""Sie sind bei mir richtig, aber ich habe keinen Bedarf""}"
3,6d09daa3b500940d869f0defba272ee4248066d4,,+4991121531400,DEXTER  PLZ 9,no need,no need; no current demand,no sale,0.9,"{""quote"": ""KI-Modul brauchen wir momentan nicht.""}"
3,722259e6d3df85d754459bc070025d5f2616120e,,+4927725040,DEXTER  PLZ 3+6,no need,no need; well equipped,no sale,0.92,"{""quote"": ""haben hier wirklich keinen Bedarf gerade.""}"
3,742abaaa35cd13c49331b171c3f91804c662b518,,+492723100117,DEXTER  PLZ 4+5,no need,no need; well positioned,no sale,0.5,"{""quote"": ""Da ist wirklich kein Bedarf""}"
3,8be08bd753a50e5c6e30de8cd76fd25930ea3826,,+49513152989,DEXTER  PLZ 3+6,no need,no need; already satisfied with current system,no sale,0.9,"{""quote"": ""Nee, ich habe keinen Bedarf, nee.""}"
3,c1d656ab700b2fb21fce2ab6d25998a855881ba8,,+499112354191,DEXTER  PLZ 9,no need,no need,no sale,0.9,"{""quote"": ""wir haben da keinen Bedarf.""}"
3,c229075090dcb28f0fbefa00539fb7b0f6b60e2e,,+49723142510,DEXTER  PLZ 7,no need,no need; manual documentation only,no sale,0.9,"{""quote"": ""haben wir momentan noch keinen Bedarf.""}"
3,d3ee28f42546fd5113388dbc66d3d5fa64cd929f,,+4971116403,DEXTER  PLZ 7,no need,no need,no sale,0.95,"{""quote"": ""Das brauchen wir nicht.""}"
3,da143400a84059c4c5b04531d14b69bc880a9650,,+495322559050,DEXTER  PLZ 3+6,no need,no need,no sale,0.95,"{""quote"": ""Das benötigen wir nicht, dankeschön.""}"
3,fdbd64bc5e890f95d7263309c532b1e4574b2da0,,+492241921070,Dexter  PLZ 4-9,no need,no need; already have solution,no sale,0.9,"{""quote"": ""Da ist kein Bedarf.""}"
3,9bdadf279216d268ebdff27457440482d4be8152,,+4954242940,DEXTER  PLZ 4+5,no need at the moment,no need at the moment,no sale,0.9,"{""quote"": ""aber da haben wir zur Zeit keinen Bedarf.""}"
3,f3df3abf8b402a8ec54e9ceb2da4a306f0fa21b1,,+4925176060,DEXTER  PLZ 4+5,no need currently,no need currently,no sale,0.7,"{""quote"": ""Das brauchen wir im Moment nicht.""}"
3,7cc7a992bb4621ecbc6dabc719ed164e02dd4202,,+49707191760,DEXTER  PLZ 7,no need for product,no need for product,no sale,0.8,"{""quote"": ""Also, wir brauchen einfach das nicht.""}"
3,b385d525713310f9c0676da6f8b74a0342cb3207,,+4991821622,DEXTER  PLZ 9,no need for product,no need for product,no sale,0.9,"{""quote"": ""Brauchen wir nicht.""}"
3,21b4c0d273369b7e7767dd06f497bbc765090f5e,,+492226850,DEXTER  PLZ 4+5,no need this year,no need this year,callback next year,0.9,"{""quote"": ""im Moment haben wir da keinen Bedarf""}"
3,c80830361a5b53c0366d05cf9312bd46ce853ef6,,+4950845454,Dexter PLZ 1-2-8,no perceived need,no perceived need,no sale,0.9,"{""quote"": ""würde ich da jetzt gar nicht weiter in die Thematik eintauchen.""}"
3,420c767bdeae98aa43ea0e62631f79bbc935fe82,,+495624924970,DEXTER  PLZ 3+6,not needed,not needed; decision by central office,no sale,0.95,"{""quote"": ""Das benötigen wir nicht.""}"
4,12f96f5573d5535e9fcca2c64a02d3b0067ddb83,,+493617842100,DEXTER  PLZ 9,no interest,no interest; reviewed by boss,no sale,0.95,"{""quote"": ""Momentan haben wir da kein Interesse dran.""}"
4,aac3287b50f5517c3d2204788b45297a011e3e14,,+496232221847,DEXTER  PLZ 3+6,no interest,no interest; already decided,no sale,0.95,"{""quote"": ""Nein, tut mir leid, aber ich habe das ja abgesprochen und da besteht kein Interesse.""}"
4,b854545675cd706d985ddc2b7c80f7aaf9a1a4ea,,+4950668191003,DEXTER  PLZ 3+6,no interest,no interest; minimal documentation,no sale,0.9,"{""quote"": ""Da haben wir aber kein Interesse daran.""}"
4,ca4d97c2bacb4adf0fd1c4e18ad14e17889605fd,,+4972539892878,Dexter  PLZ 4-9,no interest at the moment,no interest at the moment,no sale,0.95,"{""quote"": ""Nein, da besteht kein Interesse im Moment.""}"
4,013cf21b54474a59fcd86164ac54aca9cbcf6930,,+4997171480,DEXTER  PLZ 9,not interested,not interested; won't adopt speech support,no sale,0.95,"{""quote"": ""Nein, brauchen wir nicht, danke.""}"
4,0e0064670f69a33011845ce3b028902d0d8a0a84,,+49633155620,DEXTER  PLZ 3+6,not interested,not interested,no sale,0.85,"{""quote"": ""hier besteht kein Interesse.""}"
4,1682f09e104a891cc5c94d0782ea1c47fec6805d,,+49611588384,DEXTER  PLZ 3+6,not interested,not interested; previously declined,no sale,0.9,"{""quote"": ""Wie schon gesagt, ich habe das letzte Mal abgelehnt und ich werde auch dabei aktuell noch bleiben.""}"
4,1ba7d410e08992648cb0e118161d8e079f706186,,+49758150950,Dexter PLZ 1-2-8,not interested,not interested; already well served,no sale,0.9,"{""quote"": ""Danke schön, wir sind gut versorgt.""}"
4,1cc4167245515bbcaae381080c5bfff15a8cef3f,,+4924329334960,DEXTER  PLZ 4+5,not interested,not interested,no sale,0.9,"{""quote"": ""Nein, sind wir nicht interessiert.""}"
4,1f4beab2909a3bbe280760afead8a0defd6a00a5,,+495493290,DEXTER  PLZ 4+5,not interested,not interested; previously contacted,no sale,0.9,"{""quote"": ""Da habe ich im Moment kein Interesse.""}"
4,1f7e54ddcc558e0109d07e17bd9e518f7d6821e8,,+49454285770,Dexter PLZ 1-2-8,not interested,not interested; ai not in-house,no sale,0.9,"{""quote"": ""die KI ist noch außer unserem Haus. Habe ich auch im Moment kein Interesse daran""}"
4,2222d94957d6a55aaa0f1ad0f37bc8374be7b048,,+497951469100,DEXTER  PLZ 7,not interested,not interested,no sale,0.7,"{""quote"": ""Nee, momentan kein Interesse, danke.""}"
4,2787ac0121d21e2f52d44cf8f3e7bfd8cc28083a,,+49634494660,DEXTER  PLZ 3+6,not interested,not interested; info already received,no sale,0.9,"{""quote"": ""Da haben wir kein Interesse dran.""}"
4,28f0fa09d7d8e6feb731320f561c495c5d083e15,,+4951365770,DEXTER  PLZ 3+6,not interested,not interested; no need,no sale,0.7,"{""quote"": ""Das benötigen wir nicht, danke schön.""}"
4,3102fde867be0258226fdf6134a714833f953602,,+49213156680,DEXTER  PLZ 4+5,not interested,not interested; it check required,no sale,0.95,"{""quote"": ""Ich glaube, da besteht im Moment kein Interesse.""}"
4,41f6c8847033a3c4476ad27c408b0b620a2b12e0,,+49720392179100,DEXTER  PLZ 7,not interested,not interested,no sale,0.95,"{""quote"": ""da haben wir kein Interesse dran.""}"
4,49bd963ae3a4280e49bb7b30f7ae15691e7793d0,,+499323874755,DEXTER  PLZ 9,not interested,not interested; maybe later,no sale,0.9,"{""quote"": ""ich habe da im Moment kein Interesse.""}"
4,4a7fbf645b8a2d64f2701f32fb5ba7fca229a748,,+4936338450912,DEXTER  PLZ 9,not interested,not interested; requested no further calls,no sale,0.95,"{""quote"": ""Ich möchte auch nicht, dass Sie mich noch anrufen.""}"
4,547472206ad64e1d225be1414dd6ae84ce90cfee,,+4961501320,DEXTER  PLZ 3+6,not interested,not interested,no sale,0.85,"{""quote"": ""Nee, brauche ich nicht, danke, schönen Tag, tschüss.""}"
4,6335ee6549cb8d11e4892b793620ac0f951ec57a,,+497121240421,DEXTER  PLZ 7,not interested,not interested,no sale,0.9,"{""quote"": ""sie hatte mir gesagt, wir haben kein Interesse.""}"
4,6bc6fa9bed0a238f20b7d9dd8c877e8c62efff7e,,+493914082320,DEXTER  PLZ 3+6,not interested,not interested; prefers email,no sale,0.9,"{""quote"": ""Ich denke nicht, dass wir da Interesse dran haben.""}"
4,6f6035dc6c11be1b5ce6ec8d54ba1f9077cf05cb,,+499323874755,Dexter  PLZ 4-9,not interested,not interested; declined offer,no sale,0.95,"{""quote"": ""Nein, da habe ich jetzt grundsätzlich kein Interesse.""}"
4,6fbe95b5f6f988e04e74f2cb937391010cea1ed3,,+49976139610,Dexter  PLZ 4-9,not interested,not interested; previously contacted,do not call,0.9,"{""quote"": ""weiterhin generell kein Interesse, bitte nicht mehr anrufen.""}"
4,885791a31a90027493c200b3aaa0f2ac5c1fe86b,,+498214555540,Dexter PLZ 1-2-8,not interested,not interested,no appointment,0.9,"{""quote"": ""Haben wir kein Interesse.""}"
4,8b60c143c02041de9c30668d0fe9f4c018b28c77,,+49252493270,DEXTER  PLZ 4+5,not interested,not interested,no sale,0.95,"{""quote"": ""dass kein Interesse besteht.""}"
4,906abddfc23f94968736628eabebe3a53abc8a3c,,+493884121645,Dexter PLZ 1-2-8,not interested,not interested; too many calls,no sale,0.9,"{""quote"": ""Kostet mich nur meine Zeit.""}"
4,967f4a0a2f230b9f16b8763ae21dd482808e4ade,,+499741840,Dexter  PLZ 4-9,not interested,not interested; timing,no sale,0.9,"{""quote"": ""wir haben da jetzt aktuell kein Interesse dran.""}"
4,995325529bd7b475c29e8b07636350cee2845429,,+49915292100,DEXTER  PLZ 9,not interested,not interested,no sale,0.9,"{""quote"": ""Ah ja, nein danke, kein Interesse.""}"
4,a069c4bf1688e1953bb5e0d0cb1d0a13408357ba,,+4961724090,DEXTER  PLZ 3+6,not interested,not interested,no sale,0.9,"{""quote"": ""Frau Haschke hat kein Interesse.""}"
4,a1222e1a2d054a31f9c56efbc54c779c191eb493,,+495621794877,DEXTER  PLZ 3+6,not interested,not interested,no sale,0.95,"{""quote"": ""da haben wir kein Interesse.""}"
4,a1c2a6515e1cd8c70f34ea7b2ef02bcb1737bddf,,+49773193430,DEXTER  PLZ 7,not interested,not interested; existing offers,no sale,0.9,"{""quote"": ""Nein, haben wir kein Interesse, vielen Dank""}"
4,a46e55d7f86e5e5b356e07e4176e2910ce0b91ce,,+49707191760,Dexter  PLZ 4-9,not interested,not interested; brief acknowledgement,no sale,0.8,"{""quote"": ""Ja, ordentlich, vielen Dank. Dankeschön, wiederhören.""}"
4,b0e9c6d64b8f8b8da728b0892aaab3b30b0e6f29,,+4964651776,DEXTER  PLZ 3+6,not interested,not interested,no sale,0.8,"{""quote"": ""Sie hat da kein Interesse.""}"
4,b7a7691ce3129a9fafd9b5be273b9c4c7160a46f,,+49622695070,Dexter  PLZ 4-9,not interested,not interested,no sale,0.5,"{""quote"": ""Mit der Heimleitung sprechen, aber wir haben kein Interesse.""}"
4,ba0a676284f0fe5323660f50be8075423700267c,,+497441860150,Dexter  PLZ 4-9,not interested,not interested; previously rejected,no sale,0.9,"{""quote"": ""es kommt wirklich für uns nicht in Frage.""}"
4,be82594485f1691ad15eff7d6d79b9272864588b,,+49912218890,Dexter  PLZ 4-9,not interested,not interested; no need,no sale,0.9,"{""quote"": ""wir nichts kaufen und nichts brauchen.""}"
4,c7c354f93aa2b408099a820035e87f213c113b6b,,+497977343,DEXTER  PLZ 7,not interested,not interested; call later,callback requested,0.9,"{""quote"": ""Irgendwann, mal vielleicht in einem Jahr nochmal probieren.""}"
4,c7c79d8d06e28ec17b30ff4e8ca7874f79c5c2e2,,+4977048080,DEXTER  PLZ 7,not interested,not interested,no sale,0.9,"{""quote"": ""das ist für uns völlig uninteressant.""}"
4,caaebb9481f7f17f8d2f86ff3c6b234ab75634b1,,+49435499670,Dexter PLZ 1-2-8,not interested,not interested,no sale,0.9,"{""quote"": ""Kein Interesse.""}"
4,d32ab49d980ac942de68bfd5ebfb063c4b9834b4,,+4977615550,DEXTER  PLZ 7,not interested,not interested; not a topic,no sale,0.9,"{""quote"": ""Nein, im Moment kein Interesse, danke.""}"
4,d73f3ad1f2e3c9f8561f44af194665e4d0fd1bb7,,+49575196770,DEXTER  PLZ 3+6,not interested,not interested; already equipped,no sale,0.9,"{""quote"": ""haben wir überhaupt kein Interesse daran""}"
4,da83acf3303f8c7958204497deb0e4cc734ca453,,+497265341,DEXTER  PLZ 7,not interested,not interested; no current need,no sale,0.95,"{""quote"": ""im Moment ist das für uns nicht interessant.""}"
4,e39d60f1b56ef2d110e6fd0b3f0ba0c559ecd01b,,+495615077123,DEXTER  PLZ 3+6,not interested,not interested; not a current topic,no sale,0.8,"{""quote"": ""danke für den Anruf, aber gerade kein Interesse da dran.""}"
4,e41b854b006d5602eafc3a50daec3f8fa9571a75,,+499314601305,Dexter  PLZ 4-9,not interested,not interested,no sale,0.5,"{""quote"": ""wir haben derzeit kein Interesse""}"
4,e65de296c5b6303247055b49aa528ef739a4d1b1,,+49522587280,DEXTER  PLZ 3+6,not interested,not interested,no sale,0.9,"{""quote"": ""Ich soll ausrichten, dass kein Interesse besteht.""}"
4,e9f829befdea3ede0d1c8f328090754148e8f40a,,+492381871120,DEXTER  PLZ 4+5,not interested,not interested; currently not desired,no sale,0.8,"{""quote"": ""Aktuell nicht gewünscht, danke.""}"
4,e9ff2c016708abdc71bdb952e43f640666593de6,,+4994239110,DEXTER  PLZ 9,not interested,not interested,no sale,0.95,"{""quote"": ""Nein, da haben wir kein Interesse dran.""}"
4,edd7c3f642dd45a707c17e57475348f29b518d35,,+4922456060,DEXTER  PLZ 4+5,not interested,not interested,no sale,0.95,"{""quote"": ""Ja, haben wir kein Interesse.""}"
4,f01aca03fb97f71b55610f9f716f3ad8b513d15c,,+494318868414,Dexter  PLZ 4-9,not interested,not interested; no need for speech documentation,no sale,0.9,"{""quote"": ""Ja, aber da haben wir kein Interesse dran.""}"
4,fb486825d62835c706a6fe4ab6ef48fa223048ad,,+4991191967302,Dexter  PLZ 4-9,not interested,not interested; asked to be removed,no sale,0.9,"{""quote"": ""Sie können uns gerne mal streichen.""}"
4,5c770a2005d49abe7939b3e0c7127b117172a7da,,+497951469100,Dexter  PLZ 4-9,not interested now,not interested now; open later,callback requested,0.85,"{""quote"": ""wir haben momentan kein Interesse an der KI.""}"
5,cd15374187755c9ecbae7e7325a7fd366936a71c,,+496544991042,Dexter  PLZ 4-9,already has ai software,already has ai software,no sale,0.95,"{""quote"": ""Wir sind gerade letzten Monat mit einer komplett neuen Software ausgestattet worden mit KI-Tourenplanung, KI-Dokumentation und allem.""}"
5,5c02a34efcc10c2178adc2d8cedb235e8e1950bb,,+498954714183,Dexter PLZ 1-2-8,already have a provider,already have a provider,no sale,0.9,"{""quote"": ""wir haben auch bereits schon einen Anbieter.""}"
5,1a2812856e71085f713f3f8d43194813afb27a76,,+494221983490,Dexter PLZ 1-2-8,already have adequate software,already have adequate software,no sale,0.95,"{""quote"": ""Wir sind mit Software gut versorgt, deswegen haben wir kein Interesse.""}"
5,0fe0d1196b4145f127369f8284372c52227ccb5a,,+495761901000,DEXTER  PLZ 3+6,already have ai module,already have ai module,no sale,0.9,"{""quote"": ""Das bräuchte ich nicht, haben wir.""}"
5,cb7d833a46d49da64405aec7fcecaeda81720e95,,+4957617238,DEXTER  PLZ 3+6,already have software,already have software; no interest,no meeting,0.9,"{""quote"": ""Und da haben wir kein Interesse dran.""}"
5,8a91d1ce0d673489e366234c40463f053c243c28,,+49252493270,Dexter  PLZ 4-9,already in talks with vendor,already in talks with vendor,referred to network coordinator,0.9,"{""quote"": ""sind wir da schon im Gespräch mit unserem Softwareanbieter""}"
5,f2ac71b3837586f42ef35b61a850f2747f60f75e,,+4920417094111,Dexter  PLZ 4-9,already using ai,already using ai-based system,no sale,0.9,"{""quote"": ""Eine KI-gestützte.""}"
5,6efc60448b7eb3540d5c17fe17e0dad416972412,,+493091425193,Dexter PLZ 1-2-8,already using ai documentation,already using ai documentation,no sale,0.8,"{""quote"": ""Ja, da werden wir schon bedient.""}"
5,4582f197c8c21c96518e39eaeb8a1321a5564bac,,+49374623740,Dexter PLZ 1-2-8,already using ai documentation system,already using ai documentation system,already using similar system,0.8,"{""quote"": ""Das Erste. Das Erste. Das KI-Geschützte.""}"
5,386f05564af73dbbec48d7413ae1a90ab3d8c883,,+499942947000,DEXTER  PLZ 9,already using ai module,already using ai module,no sale,0.95,"{""quote"": ""Ah, Sie nutzen schon ein KI-Modul für Ihre Pflegedokumentation.""}"
5,beebaf8c9f6e0774e00f58f004c84f64cf665efd,,+4955158262,DEXTER  PLZ 3+6,already using another app,already using another app,no sale,0.9,"{""quote"": ""Da habe ich schon eine App, die wir benutzen.""}"
5,60a63699b06a12a1fc4e0ff3163480a4b6b48bbb,,+49655196550,Dexter  PLZ 4-9,already using existing documentation system,already using existing documentation system,no sale,0.9,"{""quote"": ""Insoweit besteht kein Interesse.""}"
5,03fe6606061fa9e1854d04f9eea0fdeae6e8dac8,,+49617163040,DEXTER  PLZ 3+6,already using existing software,already using existing software,no sale,0.9,"{""quote"": ""wir haben schon unsere Programme, da brauchen wir nicht""}"
5,170bf480cb56dd283cc97e5c4c295fcb6d9c40cd,,+498718520,Dexter PLZ 1-2-8,already using other systems,already using other systems,no sale,0.9,"{""quote"": ""Da haben wir eigentlich schon bestens versorgt""}"
5,bc174d243de6b7ff8c791fb3328b4f633463fb72,,+4939403929382,DEXTER  PLZ 3+6,already using product,already using product,no sale,0.9,"{""quote"": ""Das habe ich schon bei unserem System drin.""}"
5,47d0e984e485520c02387498d1753c8d38d4efd1,,+4960622217,DEXTER  PLZ 3+6,already using vendor,already using vendor; integration planned,no sale,0.8,"{""quote"": ""Da brauchen wir also keinen anderen Anbieter.""}"
5,f61916b99638804b45683e042e96aed03fc608d1,,+4975829320760,Dexter PLZ 1-2-8,existing provider,existing provider; already covered,no sale,0.9,"{""quote"": ""Nein, wir haben das alles schon über unseren Programmeinbieter.""}"
5,2d4f4f546029f7e78beae6229a1dbece8ecba7e7,,+4939207848880,DEXTER  PLZ 3+6,have own software,have own software; not switching,no sale,0.9,"{""quote"": ""Wir haben unsere eigene Software""}"
5,34ce115259e46637d3772d3cae7d4585a095e8f4,,+49941504030,DEXTER  PLZ 9,implementing new documentation system,implementing new documentation system,no sale,0.9,"{""quote"": ""wir kriegen aber gerade schon eine neue Pflegedokumentation""}"
5,aa42adc88015a0b010bbb99509338c9dd8998f52,,+497851935913,DEXTER  PLZ 7,in talks with current provider,in talks with current provider,no sale,0.9,"{""quote"": ""wir sind da mit unserem Dienstleister im Gespräch""}"
5,5f095942608a8f5d30792fe49e6c14580c707bc8,,+493361567120,Dexter PLZ 1-2-8,incompatible documentation system,incompatible documentation system,no sale,0.9,"{""quote"": ""diese Systeme wie MIKOS sind leider ungeeignet für unsere Lösung und es ist wenig kompatibel zu Ihrem System, leider""}"
5,ee3d07e9a38e5d011bd2079f1c935a3730b4c157,,+493593527060,Dexter PLZ 1-2-8,new documentation system,new documentation system; no capacity,follow-up later,0.9,"{""quote"": ""wir haben gerade ein neues Pflegedokumentationssystem angekürzt.""}"
5,349ab35f2b5da679f7d2445f702b575bb5db71bc,,+49532134420,DEXTER  PLZ 3+6,not using ai,not using ai; no interest,no sale,0.9,"{""quote"": ""Ja, ja, aber kein Interesse, bitte.""}"
5,7ada2ad9e0965d4092a6fae301fe982ca432dcd9,,+497478935000,DEXTER  PLZ 7,satisfied with current documentation system,satisfied with current documentation system,no sale,0.9,"{""quote"": ""Wir sind glücklich mit unserem Dokumentationssystem.""}"
5,5900ad0565033aea22f4258f045021a1dce59f17,,+497476946660,Dexter  PLZ 4-9,satisfied with current provider,satisfied with current provider,no sale,0.9,"{""quote"": ""wir sind ja auch mit unserem sehr guten Anbieter unterwegs""}"
5,06c5370e21f37d1ea35b7ef357c6b74a99529c7d,,+493545188455,Dexter Altersheim,satisfied with current system,satisfied with current system,no sale,0.9,"{""quote"": ""Wir sind sehr, sehr zufrieden mit unserem System""}"
5,47780261187de50fde7e6904f6ed345c4bcf21cd,,+4974329840660,DEXTER  PLZ 7,satisfied with current system,satisfied with current system,no sale,0.9,"{""quote"": ""Weil wir mit unserem Dokumentationssystem soweit eigentlich zufrieden sind.""}"
5,d18bbd94f61c8280a11f3b28294a39ed1fa93c30,,+496449245,DEXTER  PLZ 3+6,satisfied with current system,satisfied with current system,no sale,0.5,"{""quote"": ""haben wir kein Interesse an der Erweiterung.""}"
5,da0b52a9447a21db01a116cc76eb33229c0e077c,,+497514007125,Dexter PLZ 1-2-8,satisfied with integrated documentation system,satisfied with integrated documentation system,no sale,0.95,"{""quote"": ""Nein, sind wir sehr zufrieden, weil es ja auch ein integriertes System ist mit Abrechnung und allem zusammen.""}"
5,f3a5b2f4ab3c82d1875483565d4cf004f1de791e,,+49277691560,DEXTER  PLZ 3+6,switching documentation system,switching documentation system,no sale,0.9,"{""quote"": ""in einem Umstellungsprozess auf ein neues Dokumentationsprogramm.""}"
5,2631f152e00002abe81fd37a8e516e659d1ac7db,,+4921028516351,Dexter  PLZ 4-9,undecided on documentation system,undecided on documentation system,callback requested,0.9,"{""quote"": ""wissen aber noch nicht, welches Dokumentationssystem wir nehmen.""}"
5,41f35d4a46ea336a28902f96e0c63d2464a2d597,,+496718011501,DEXTER  PLZ 4+5,using own documentation system,using own documentation system,no sale,0.9,"{""quote"": ""haben wir momentan keinen Bedarf.""}"
6,d5372ecac9568d12ed0526c73a0d54da622d008a,,+49616791330,DEXTER  PLZ 3+6,already has solution,already has solution,no sale,0.9,"{""quote"": ""wir sind bestens versorgt mit Pflegedokumentation, wir haben keinen Bedarf""}"
6,61b33510a9ee2e2f942121d8d2c96d2cee211a04,,+493606524310,DEXTER  PLZ 3+6,already has system,already has system; duplicates concern,no meeting,0.9,"{""quote"": ""Ja, aber wir haben ja schon eins.""}"
6,25c6c10062143d061f95e5777af81523ef958693,,+4972539892878,DEXTER  PLZ 3+6,already have own solution,already have own solution,no sale,0.9,"{""quote"": ""wir haben unsere eigenen Sachen""}"
6,7bb1ad3848b2b16939553a298b055af0b9c4a277,,+493381780,Dexter PLZ 1-2-8,already have solution,already have solution,no sale,0.9,"{""quote"": ""Nein, danke, wir sind gut in aktives Konzern aufgestellt.""}"
6,c1d4a01bef29297c59b62348009b70e21b0cb346,,+495512098150,DEXTER  PLZ 3+6,already have solution,already have solution,no sale,0.9,"{""quote"": ""Das haben wir schon. Da interessieren wir uns nicht für.""}"
6,460ab2aad60c0eb0fcbd47e894ac6acb73fd7a44,,+49532253678,DEXTER  PLZ 3+6,already implemented new system,already implemented new system,no sale,0.9,"{""quote"": ""wir haben gerade erst ein neues bekommen.""}"
6,da4715b07b899355020676f2d1732fb7eab0c5a5,,+49527336090,DEXTER  PLZ 3+6,already implemented solution,already implemented solution,no sale,0.9,"{""quote"": ""da bin ich gut aufgestellt, habe ich kein Interesse.""}"
6,509fcb1f078aef619894d27028400a49013b376b,,+4940685713,Dexter PLZ 1-2-8,already implementing similar system,already implementing similar system,no sale,0.9,"{""quote"": ""da sind wir gerade mit unserem System""}"
6,8eda0e9414ee6d63c480e4d4b89266de8096cff6,,+492835446503,DEXTER  PLZ 4+5,already using equivalent solution,already using equivalent solution,no sale,0.9,"{""quote"": ""Ja, das haben wir ja beim E-Fox schon drin.""}"
6,0cf3132f4fd28967ae007378e6e0d9d22e0fc340,,+4952026381,DEXTER  PLZ 3+6,already using similar solution,already using similar solution,no sale,0.9,"{""quote"": ""Ja, wir nutzen schon sowas.""}"
6,eea9619ae156571e2059d864a50e6df75235c1e0,,+493637436010,DEXTER  PLZ 9,already using similar solution,already using similar solution,no sale,0.95,"{""quote"": ""Da sind wir schon bestens ausgerüstet, Dankeschön.""}"
6,e1f50e47e234da6acf92a448ae814be02049ba9c,,+49297297130,DEXTER  PLZ 4+5,new system,new system; feature included,callback requested,0.9,"{""quote"": ""Wir kriegen ein neues System, da ist es integriert.""}"
-1,9dc8e2144249e0ec5ea800be3cd6f03103c8cd4b,,+49511270464588,DEXTER  PLZ 3+6,able to forward video link,able to forward video link,meeting arranged,0.5,"{""quote"": ""Dann schicke ich den einfach schon mal an alle, die da teilnehmen.""}"
-1,22f0a52d8a37117d8d7d9ec89d2b5cec710f1d85,,+4950219168410,DEXTER  PLZ 3+6,accepted meeting,accepted meeting; provided contact details,appointment scheduled,0.9,"{""quote"": ""Sie bekommen von mir gleich an Ihre E-Mail-Adresse, Frau Graf, die Terminbestätigung""}"
-1,a517c069a2077241428c05fa1f1d011bff96af11,,+4921485120,DEXTER  PLZ 4+5,agreed date,agreed date; email provided,appointment scheduled,0.9,"{""quote"": ""Elf Uhr dreißig, ja. Dann würden wir die nehmen.""}"
-1,e5d1a570d3e0dbd162bf328942500a6fd5404cbb,,+495118603616,DEXTER  PLZ 3+6,agreed date and time,agreed date and time,appointment scheduled,0.85,"{""quote"": ""Ich kann Sie gerne mal für 11. eintragen""}"
-1,fe1a122e6b24cc3f2a5f0e5ec674ef69cf00a0d6,,+49233284600,DEXTER  PLZ 4+5,agreed date and time,agreed date and time,appointment confirmed,0.5,"{""quote"": ""Ich habe die Bestätigung erhalten, 19. August, 11.15 Uhr.""}"
-1,3201f36ef01f410b1dfb5bcc5fee925301b4e315,,+495493290,Dexter  PLZ 4-9,agreed to receive information,agreed to receive information,invite to meeting promised,0.9,"{""quote"": ""Ich schicke den Einladungslink zu.""}"
-1,d5f1cd6f11af46a3b596130ed63cb868ec38bd3c,,+49878194260,Dexter PLZ 1-2-8,already contacted,already contacted,no sale,0.8,"{""quote"": ""Ja, da wurde ich von Ihnen persönlich angerufen.""}"
-1,3f3fc71a86ea794274c5eecaa97ada8b41e0e25c,,+49513684813,DEXTER  PLZ 3+6,already covered,already covered,no sale,0.9,"{""quote"": ""Da sind wir bestens versorgt, danke schön.""}"
-1,c75f0968ca176ae798b90b7effab30c19a455682,,+4961513075260,DEXTER  PLZ 3+6,already decided,already decided; no further need,no sale,0.95,"{""quote"": ""wir haben uns dafür im Programm schon entschieden und haben im Moment keinen weiteren Bedarf""}"
-1,703ec8e5d2038f078b9f9020c4d2cad18a165e60,,+4983822762050,Dexter PLZ 1-2-8,already digital,already digital; uses ai support,already using ai solution,0.8,"{""quote"": ""Nee, wir sind schon total digital.""}"
-1,9caf7308285f37994a0b605699bfdd5177882a22,,+49238291450,Dexter  PLZ 4-9,already digitized,already digitized; district provides,no sale,0.9,"{""quote"": ""Wir sind zwar richtig bei mir, aber wir haben da kein Interesse, weil wir haben jetzt digital umgestellt.""}"
-1,c274f0e3228cee1fa167fa8237bc586fd7b09800,,+49369617070,DEXTER  PLZ 3+6,already equipped,already equipped,no sale,0.9,"{""quote"": ""aber wir haben da keinen Bedarf.""}"
-1,147e9a8d8643534b3a12a05573f0738f4a270ceb,,+493321421260,Dexter PLZ 1-2-8,already fully equipped,already fully equipped,no sale,0.9,"{""quote"": ""Nein, wir sind voll ausgerüstet.""}"
-1,156af5eff8599a113120a8cf498de475883c5a22,,+495223493080,DEXTER  PLZ 3+6,already fully supplied,already fully supplied,no sale,0.9,"{""quote"": ""Wir sind gerade vollumfänglich versorgt.""}"
-1,9d86c92c78150194f3a002b12cbe513165559261,,+49569299650,DEXTER  PLZ 3+6,already has ki module,already has ki module,no sale,0.9,"{""quote"": ""Ja, wir haben Pflegedokumentation, die hat ein KI-Modul""}"
-1,617eda09b2de51e7cd6103edc2eee4d64a482724,,+49641922330,DEXTER  PLZ 3+6,already have documentation provider,already have documentation provider,no sale,0.9,"{""quote"": ""wir haben schon einen Internetanbieter und einen Dokumentationsanbieter""}"
-1,c2ff1a22b0f7171c3eda3df03e26f2a33b9e65f2,,+4964249340,DEXTER  PLZ 3+6,already have edv,already have edv; won't add system,no sale,0.9,"{""quote"": ""wir holen kein weiteres System rein.""}"
-1,20d9f537f2b9f418fce0272940a1a36cf6d5900c,,+49719222930,Dexter  PLZ 4-9,already have speech,already have speech-ki system,no sale,0.9,"{""quote"": ""die haben schon die sprachgesteuerte KI""}"
-1,8ae048c24c4ea91ee402dd916e4674f77bf321c3,,+49951982813,DEXTER  PLZ 9,already have speech documentation,already have speech documentation,no sale,0.95,"{""quote"": ""Das haben wir auch schon.""}"
-1,4027027471df1a12daefe97e12926f524fb7b915,,+494181130,Dexter PLZ 1-2-8,already implemented digital documentation,already implemented digital documentation,no sale,0.9,"{""quote"": ""Wir sind schon mit einem Prozess, digitale Dokumentation""}"
-1,32deb51f0861803b62c209423182305aefe5a64b,,+49986898930,DEXTER  PLZ 9,already implementing medifox,already implementing medifox; not interested,no sale,0.9,"{""quote"": ""Ich möchte kein neues System.""}"
-1,395f4fafe76a16d4d8e668b23abea12f9faebb66,,+49911980790,DEXTER  PLZ 9,already in discussion with someone else,already in discussion with someone else,no sale,0.8,"{""quote"": ""da brauchen wir nichts, da sind wir schon im Gespräch mit jemand anderem""}"
-1,965454fcb31b0728ffdaacfcf26c5a2659d72f59,,+495522909160,DEXTER  PLZ 3+6,already in negotiation,already in negotiation; own provider,no sale,0.95,"{""quote"": ""wir gehören ja einem Stift an, und dass das schon gerade in Angriff genommen worden ist""}"
-1,b738ef1d1de1d91bbcd8fb38b68d703a2f92ef6a,,+497117272410,DEXTER  PLZ 7,already informed,already informed; documentation sufficient,send information by email,0.9,"{""quote"": ""da sind wir schon bestens informiert.""}"
-1,1158cd46cc6263cb4da6000691b3d40b4a06dad9,,+4933128456,Dexter PLZ 1-2-8,already organized by their provider,already organized by their provider,no sale,0.9,"{""quote"": ""Das wird alles von unserem Träger organisiert und da sind wir schon dabei.""}"
-1,c7d9df2196edc54eee650a0c9dfed653b0cadd90,,+4977189868322,DEXTER  PLZ 7,already redoing documentation,already redoing documentation; features included,no sale,0.8,"{""quote"": ""da ist das alles schon mit drin.""}"
-1,7116a8f8de652384f80691fd8898aee49e50eeff,,+493692382230,DEXTER  PLZ 9,already uses speech support,already uses speech support,no sale,0.8,"{""quote"": ""Das haben wir schon.""}"
-1,0bcc85aa87c200998e5e8c54b1b092c841aa299a,,+4951136710,DEXTER  PLZ 3+6,already using competitor (wesenti),already using competitor (wesenti),no sale,0.9,"{""quote"": ""Nein, da sind wir bei Wesenti, da brauchen wir nichts.""}"
-1,dc2c00a0ac0d40120b74216a4e668c003e1a6ee7,,+4941319880,Dexter PLZ 1-2-8,already using competitor and satisfied,already using competitor and satisfied,no sale,0.9,"{""quote"": ""das haben wir über einen anderen Anbieter schon, über C&S.""}"
-1,6492fee9ed0cec2dc5bb96f297c0dad9edc5c723,,+49663196840,DEXTER  PLZ 3+6,already using competitor module,already using competitor module,no sale,0.9,"{""quote"": ""Wir haben schon so ein Modul.""}"
-1,caf0b7a7cbebc25735be69d1ff727d254221910c,,+4971919033030,Dexter  PLZ 4-9,already using ki,already using ki-supported documentation,no sale,0.9,"{""quote"": ""wir haben tatsächlich selber schon aufgerüstet""}"
-1,0348fa95b2fa2fb6eb55d18c2e1996f58ee63600,,+492331367370,DEXTER  PLZ 4+5,already using medifox,already using medifox; won't change,no sale,0.85,"{""quote"": ""das wäre ja kompatibel auch mit Medifox, die Sie nutzen""}"
-1,23b1ca9871c16dd698d4d61d231949e67962de88,,+4968721500,DEXTER  PLZ 3+6,already using medifox,already using medifox; update scheduled,no sale,0.9,"{""quote"": ""wir werden Medifox weiterhin einsetzen.""}"
-1,873bf7c5f46a7c3a93e2ca31d53c3e7f7774f3a5,,+49680999710,DEXTER  PLZ 3+6,already using medifox,already using medifox,no sale,0.9,"{""quote"": ""weil wir gerade neue Medifox eingeführt haben.""}"
-1,21965c897347b70c774ee10ac1e8fff17fa7968c,,+496544991042,DEXTER  PLZ 4+5,already using speech documentation,already using speech documentation,no sale,0.9,"{""quote"": ""Ach so, Sie nutzen das schon, die Sprachdokumentation.""}"
-1,815dbb2815d9a6a31f427ec1d9389a50cc47eb41,,+492832986600,DEXTER  PLZ 4+5,already using vivendi,already using vivendi,no sale,0.5,"{""quote"": ""Wir haben Vivendi mit Sprachfunkühren.""}"
-1,8982d361560091d64005970ce442d13d63d85235,,+49683680000,Dexter  PLZ 4-9,answered and cooperative,answered and cooperative,invitation link to be sent,0.5,"{""quote"": ""Ich schicke den Einladungslink zu.""}"
-1,e9d19a18a8e64d063cb81650f16ad81e9b2c65ba,,+495908937112,DEXTER  Messe,appointment with colleague exists,appointment with colleague exists,already scheduled demo,0.9,"{""quote"": ""ich habe am 7. Mai ein Videocall mit Frau Patrizia Groß.""}"
-1,d51570fb4147fec902571ead155b2f00daae6d41,,+4925729490,DEXTER  PLZ 4+5,arranged by colleague,arranged by colleague,appointment already arranged,0.8,"{""quote"": ""Nein, unser Kollege, Herr Schulter-Austrum, hat das für uns alle.""}"
-1,d94ea89f68d107d379585e5a417abb6f80b70855,,+4915146774724,DEXTER  PLZ 4+5,availability,availability; interested,appointment scheduled,0.9,"{""quote"": ""Sonst am 13. August, Dienstag um 8.45 Uhr.""}"
-1,9f9469d559118670ebe18f2c703350ef43dedf33,,+4951769755420,DEXTER  PLZ 3+6,available at pc,available at pc,invitation sent,0.7,"{""quote"": ""Und sind Sie jetzt vom PC, Frau Behrens? Ja, bin ich.""}"
-1,ab4319b14759b85108c2dad508eb499ae3c19f1f,,+4963315430,DEXTER  PLZ 3+6,available at pc,available at pc,invitation sent,0.9,"{""quote"": ""Hier ist die Einrichtungsleitung, um ganz kurz zu sprechen.""}"
-1,46ec8a99c34e32b8e69272b9b62025ebfa2403fe,,+4953255910,DEXTER  PLZ 3+6,brief call,brief call; no commitment,no sale,0.9,"{""quote"": ""Ich wurde gerade zu Ihnen weitergeleitet.""}"
-1,db11aefd177a1184ade734a759d84a0ed049ffae,,+4961659408330,Dexter  PLZ 4-9,busy,busy; health inspection,callback later,0.75,"{""quote"": ""im Moment habe ich keine Zeit dafür.""}"
-1,52307af090024b843765ecc6f057ee15ffcc8b0d,,+4977048080,Dexter  PLZ 4-9,busy schedule,busy schedule; many appointments,callback requested,0.9,"{""quote"": ""ich habe im Moment noch gerade sehr, sehr viele Termine""}"
-1,a9c26500465e5529d60203daa60b323975f34bd5,,+4975518060,Dexter PLZ 1-2-8,busy schedule,busy schedule; months full,callback scheduled,0.75,"{""quote"": ""Dann melde ich mich im Oktober nochmal bei Ihnen.""}"
-1,f0be492e53a13ff8d74b3c581e4aaae75511f3c5,,+497123966730,Dexter  PLZ 4-9,busy with patient,busy with patient,callback requested,0.9,"{""quote"": ""Können Sie am Ende 17 anrufen? Ich bin gerade bei meinem Patient.""}"
-1,bd6ea56b436552f14aa19009a8c8ec49c9ad577b,,+492721942360,DEXTER  PLZ 4+5,calendar full,calendar full,callback requested,0.9,"{""quote"": ""mein Kalender rappelvoll.""}"
-1,fa4d8582fd226f5303e2691541e34259ba6b7c4b,,+499952909290,DEXTER  PLZ 9,cannot change software provider,cannot change software provider,no sale,0.8,"{""quote"": ""Deswegen hat es eigentlich gar keinen Sinn, wenn Sie weiterreden.""}"
-1,df1bc06cf67bf37ee2a4e469634d505258c45a15,,+4967518569963,DEXTER  PLZ 4+5,care provided externally,care provided externally,no sale,0.9,"{""quote"": ""die Pflege wird von außen erbracht""}"
-1,6f47ea76cdfbec625b6e608e3878f59d8abd00ab,,+4981369390,Dexter PLZ 1-2-8,central it controls sap integration,central it controls sap integration,no sale,0.9,"{""quote"": ""Wir haben SAP, das muss bei Helios über eine zentrale IT laufen, das läuft nicht über die Pflegedienstleitung.""}"
-1,1f3c153d3559ff68a7affc7ad48ba63eeb122129,,+49337734180,Dexter PLZ 1-2-8,centralized ki implementation already in progress,centralized ki implementation already in progress,no sale,0.9,"{""quote"": ""da sind wir schon ganz im Fortschritt""}"
-1,cf2f1f2d44d98b9d381cbe0cc5bcf08e8e76f508,,+498378960440,Dexter  PLZ 4-9,centralized purchasing,centralized purchasing; contact central office,no sale,0.9,"{""quote"": ""das müsste über die Zentrale in Kempten laufen.""}"
-1,e3f5999ea3c24af253b54b26116a62a1c3af1d85,,+4976531682,Dexter  PLZ 4-9,compatibility unknown,compatibility unknown,callback requested,0.9,"{""quote"": ""Ich würde mich erkundigen und dann melde ich mich dann bei Ihnen.""}"
-1,af46cfc5827cb1a0f2659af949b6716af1982949,,+4939469094444,DEXTER  PLZ 3+6,computer changeover,computer changeover,callback requested,0.9,"{""quote"": ""wir sind gerade bei der Computerumstellung""}"
-1,791009921a36b8fdabb8d3d8fa94375e9268966a,,+497214809910,Dexter  PLZ 4-9,contact unavailable,contact unavailable; requested email materials,invitation and info will be sent,0.9,"{""quote"": ""Ich schicke den Einladungslink zu, auch Infomaterial.""}"
-1,94a33f2718218a5dbce0ffa98b5f978f3d4842b4,,+4968679220,Dexter  PLZ 4-9,decision already made,decision already made; not comparing,no sale,0.9,"{""quote"": ""ich werde nicht Ihr Kunde.""}"
-1,a1d5cd43472e51f0598f3bfb37c66e4a2a5f2791,,+4939128041100,DEXTER  PLZ 3+6,decision already made,decision already made,no sale,0.95,"{""quote"": ""die Entscheidung wurde schon gefällt""}"
-1,7e6c663fb652f22c0cd8ac4c2635c8a21ac22536,,+4965279342310,DEXTER  PLZ 4+5,decision handled by schwesternverband,decision handled by schwesternverband,no sale,0.9,"{""quote"": ""Das kann ich nicht machen, das entscheidet der Schwesternverband in Ottweiler.""}"
-1,3f33260f00a9f33a28282a3031d95413f92a237c,,+4956735013051,DEXTER  PLZ 3+6,decision made,decision made; switching to medifox,no sale,0.9,"{""quote"": ""Das ist auch eine Entscheidung auf Geschäftsführer-Ebene.""}"
-1,bc3e9a9e693b99c336fb82aae70d5abfedd4dff1,,+49917994840,DEXTER  PLZ 9,decision made by association,decision made by association,no sale,0.9,"{""quote"": ""wir haben uns vor einigen Wochen für die Firma CareLights entschieden.""}"
-1,935d4b96e5f3e134e54eca7fcd8c8620b49a770b,,+4923039670400,DEXTER  PLZ 4+5,decision maker available,decision maker available; cooperative,invitation sent,0.8,"{""quote"": ""Die Einrichtungsleitung ist am Telefon.""}"
-1,5435dc5558d9a48ae6411ee3eb094bfb46bea00a,,+497131642850,Dexter  PLZ 4-9,decisions centralized at hq,decisions centralized at headquarters,redirected to central office,0.9,"{""quote"": ""Und Entscheidungen trifft ja dann die Zentrale?""}"
-1,872fafa512a1a371124cf8a97a472649413d82e6,,+493928716978,DEXTER  PLZ 3+6,digitally transitioning,digitally transitioning; already well set up,no sale,0.5,"{""quote"": ""wir sind derzeit, wie gesagt, gut aufgestellt""}"
-1,d20064034e73ee100e69d2cd4a4a0f6fdcc49f80,,+49746196690,DEXTER  PLZ 7,dislikes phone solicitations,dislikes phone solicitations; prefers email,no sale,0.9,"{""quote"": ""Ich mag keine Werbeanrufe am Telefon, Sie können mir immer gerne alles per Mail schicken.""}"
-1,8ecf267fbbd34a3c9f7c1eafb86eb0538159f646,,+49388253010,Dexter PLZ 1-2-8,existing 5,existing 5-year contract includes ki,no sale,0.9,"{""quote"": ""wir da jetzt gerade frischen 5-Jahres-Vertrag beschlossen haben, der ziemlich alles beinhaltet, als auch KI in der Pflegedokumentation""}"
-1,b8fce129608d8d37e96946d6a8031831067b2fa5,,+49244495150,DEXTER  PLZ 4+5,existing partner relationship,existing partner relationship,appointment set,0.9,"{""quote"": ""sind sogar Partner von uns.""}"
-1,fc045321efc695740cc35d46afc107b336b67af3,,+49514398100,DEXTER  PLZ 4+5,existing partnerships,existing partnerships,no sale,0.9,"{""quote"": ""da haben wir tatsächlich schon feste Partner.""}"
-1,6f9d40007c042ebd4dc00b3a46da8ae277a8cd60,,+49623493109,Dexter  PLZ 4-9,existing system,existing system; zqm handles documentation,no sale,0.92,"{""quote"": ""Ja, aber wir haben ZQM.""}"
-1,3866f187f2e1b117d5c3672b6b3953e6e803c8ab,,+4951116841949,DEXTER  PLZ 3+6,existing vendor,existing vendor; public tender required,no sale,0.9,"{""quote"": ""wir haben einen Anbieter, mit dem wir schon Verträge haben""}"
-1,346b97fd7c4e09469f8b3e07d1654bdbfd419021,,+493928716299,DEXTER  PLZ 3+6,feature already included,feature already included,no sale,0.9,"{""quote"": ""Das brauchen wir nicht.""}"
-1,ffd410baf523772aca92444404df2fd22e9a7779,,+4992523507330,Dexter  PLZ 4-9,handled by central office,handled by central office,no sale,0.9,"{""quote"": ""das macht bei uns die Diakonie Hochfranken in Hof.""}"
-1,cc9ccac7bb69a72f776fce4058d8b9a577567b03,,+49251520020,Dexter  PLZ 4-9,handled by qmb,handled by qmb,information accepted; will forward,0.9,"{""quote"": ""vielleicht schicken Sie mir was zu per E-Mail und dann würde ich das weiterleiten""}"
-1,2250e8bba09ec1242e8982133b712b483a9c3405,,+494413902190,Dexter PLZ 1-2-8,handled by umbrella organization,handled by umbrella organization,no sale,0.9,"{""quote"": ""weil das alles über den Dachverband läuft.""}"
-1,e4422162c3423efb13b47ac6e02c8a4d02475cbc,,+49514797500,DEXTER  PLZ 3+6,have own documentation program,have own documentation program,no sale,0.9,"{""quote"": ""Brauchen wir nicht, wir haben ein eigenes Pflegedokuprogramm.""}"
-1,11b66694e4e1b539bd6be08abc4093f4eb26a929,,+49776492030,DEXTER  PLZ 7,implementation in progress,implementation in progress; staff training,callback next year,0.9,"{""quote"": ""wir sind erst dabei, das Ding hier bei uns einzurichten""}"
-1,1c49306a9ee24403213c3ac3eec335796a90b327,,+492474476,Dexter  PLZ 4-9,in renovation,in renovation; other priorities,callback requested,0.9,"{""quote"": ""wir würden im September nochmal telefonieren""}"
-1,12f05cb39c12e64767a059b18d667587c04eb347,,+4936065070760,DEXTER  PLZ 3+6,insolvency,insolvency; company closing,no meeting,0.9,"{""quote"": ""Eigentlich gar nicht, weil wir im Insolvenzverfahren sind.""}"
-1,d992161721fffaf6d8e407a7a466a4a6baee66c5,,+4923145080,DEXTER  PLZ 4+5,instructed to contact quality center,instructed to contact quality center,referral to quality center,0.9,"{""quote"": ""Sie sollen sich damit an die Qualitätszentrale melden.""}"
-1,21df8459564adfe5d3052b4698079313ee3dab4b,,+4938326520407,Dexter PLZ 1-2-8,integration forbidden,integration forbidden; cannot modify system,no sale,0.9,"{""quote"": ""weil es sehr strikt verboten ist, quasi dort irgendwie selber Hand anzulegen""}"
-1,c53dce2d3e58a85d2e78845e536c2ba084074a3e,,+49762239960,DEXTER  PLZ 7,interest,interest; available time,appointment scheduled,0.9,"{""quote"": ""1. Juli 9.15 Uhr, nächste Woche Montag steht der Termin fest.""}"
-1,331857a67b99a2ca75ff028db05e0c175ed347cc,,+4921238382951,DEXTER  PLZ 4+5,interested,interested; uses medifox,appointment arranged,0.9,"{""quote"": ""Sie bekommen von mir gleich eine, ja, die Terminbestätigung an Ihre E-Mail-Adresse""}"
-1,4705c9d347d6190388641e47d4f513acf41c6fb9,,+4923668897001,DEXTER  PLZ 4+5,interested,interested; provided email,appointment scheduled,0.95,"{""quote"": ""Sie bekommen von mir gleich die Terminbestichtung an die E-Mail-Adresse daniel.franke.sdk-kirch.de""}"
-1,689448d3c6e2c1d9b57275f15e8a03d369810ac0,,+4925263001811,DEXTER  PLZ 4+5,interested,interested; provided details,appointment scheduled,0.9,"{""quote"": ""Sie bekommen auf die gleiche Terminbestätigung zugesandt""}"
-1,6d84ca23c85678bf67f685ec277d1dbe08feb839,,+492018969819,DEXTER  PLZ 4+5,interested,interested; uses vivendi,meeting scheduled,0.9,"{""quote"": ""ich habe Sie eingetragen.""}"
-1,739afe78f47e6c556de38ae972df9c3854a81d68,,+4991815229022,DEXTER  PLZ 9,interested,interested; agreed to meeting,appointment scheduled,0.9,"{""quote"": ""Ich schicke Ihnen jetzt die Einladung raus, die Terminbestätigung.""}"
-1,79292677a2a47567d11ae65b3fdbc54ebd5d490d,,+492504880070,DEXTER  PLZ 4+5,interested,interested; accepted invitation,meeting scheduled,0.9,"{""quote"": ""Ja, super. Machen wir das.""}"
-1,b354eed31c048674e578aabd5deb6ff67469c635,,+499851902143,DEXTER  PLZ 9,interested,interested; availability agreed,appointment scheduled,0.9,"{""quote"": ""Am 14. hätte ich 11 Uhr und 11.30 Uhr was frei.""}"
-1,c27c019606e335c5914a01aca8e8bb080fabd917,,+4939325707100,DEXTER  PLZ 3+6,interface compatibility,interface compatibility,appointment scheduled,0.9,"{""quote"": ""9. Oktober, 8 Uhr.""}"
-1,f0cf9ab346f590eecb52559e3e8b8b645e38e633,,+499955933180,DEXTER  PLZ 9,internal it,internal it; solution already implemented,no sale,0.9,"{""quote"": ""wir haben unseren eigenen IT-Leiter""}"
-1,c9cb37298c484d0e104f2441a0c4b5f79e2558fb,,+4943287260,Dexter PLZ 1-2-8,internal it handles digitization,internal it handles digitization,no sale,0.9,"{""quote"": ""da brauchen wir nichts Externes dazu.""}"
-1,c2fb8aad9059c6a2a33a63e395105e0a8c2e7c3f,,+493381366955,Dexter PLZ 1-2-8,it system migration,it system migration,no sale,0.95,"{""quote"": ""wir stellen gerade komplett unser EDV-System um""}"
-1,3b71d5f0f1dfc5e110dddfceb842fa1c784195f2,,+49208380008,DEXTER  PLZ 4+5,management handles inquiries,management handles inquiries,asked to contact office,0.9,"{""quote"": ""Bevor Sie weiterreden, dann müssten Sie bitte schön die Friedrichstraße kontaktieren.""}"
-1,0de30c75f56991fc6954455b4c10c01f3f7269d9,,+4937632086,Dexter PLZ 1-2-8,misdialed,misdialed,wrong number,0.9,"{""quote"": ""Ich bin falsch abgebogen. Ich habe nicht gewählt.""}"
-1,23db695ec0f236eff523b286ef8d1348d9753caf,,+49461168300,Dexter PLZ 1-2-8,must contact operator (träger),must contact operator (träger),referred to central office,0.95,"{""quote"": ""dann bitte direkt an unseren Träger wenden""}"
-1,81682688b78dc81e136b3b2e1a22a343e5eb86f3,,+496718011501,Dexter  PLZ 4-9,needs internal discussion,needs internal discussion; colleague on vacation,callback requested,0.9,"{""quote"": ""Jetzt ist der Herr Bayer gerade in Urlaub.""}"
-1,98513c2d3c24243bf9fdf654c25edcb022e7c8fc,,+493904475416,DEXTER  PLZ 3+6,needs to consult boss,needs to consult boss,callback requested,0.9,"{""quote"": ""würde ganz gerne da mit meinem Chef Rücksprache halten""}"
-1,26315900f4186e0984d411c93f7b626ed44909b5,,+498380983970,Dexter PLZ 1-2-8,negative reaction to ai term,negative reaction to ai term,no sale,0.95,"{""quote"": ""wenn ich schon das Wort KI höre, kriege ich Ausschlag.""}"
-1,23301d593a39b66c698f3140efb150bd85499ee3,,+49259538380,Dexter  PLZ 4-9,new program planned next year,new program planned next year,no sale,0.9,"{""quote"": ""weil wir im nächsten Jahr ein neues Programm kriegen""}"
-1,1756908ddacb65dd18aae7bfd67ce86e93c358c2,,+49962592000,DEXTER  PLZ 9,new system already includes voice function,new system already includes voice function,no sale,0.9,"{""quote"": ""Nee, ist kein Bedarf, weil wir ein neues Dokusystem kriegen, das schon eine Sprachfunktion hat.""}"
-1,577fa4206cc697d837da58b97e7c4ad1d853f2f4,,+49773193430,Dexter  PLZ 4-9,no capacity,no capacity; operational overload,callback requested,0.9,"{""quote"": ""wir haben wirklich momentan 0,0 Kapazitäten.""}"
-1,ae69da78eeb516cf4e8417ccd86f85aa83fdef49,,+49753499910,DEXTER  PLZ 7,no documentation requirement,no documentation requirement,no sale,0.5,"{""quote"": ""ich habe ja eh keine Dokumentationspflicht""}"
-1,5a9813b4c329efe51941ced64d7f3834f655710d,,+495258940894,DEXTER  PLZ 3+6,no in,no in-house care,no sale,0.9,"{""quote"": ""Wir haben keine Pflege im Haus.""}"
-1,cd04dec8b86d4d367ec5f24601a7f2cc69de7fc6,,+4945249090,Dexter PLZ 1-2-8,no longer a care home,no longer a care home,no sale,0.9,"{""quote"": ""wir haben ja kein Heim mehr""}"
-1,312295e5374a0b92df64f2e89e2bfaac443cec78,,+494209919525,Dexter PLZ 1-2-8,no need for ai,no need for ai,no sale,0.9,"{""quote"": ""Ich habe keinen Bedarf im Moment für KI.""}"
-1,fd29096c2d3f2d5b8c50aff9427189b850f7bfef,,+4972467081708,Dexter  PLZ 4-9,no on,no on-site wifi,callback at year-end,0.9,"{""quote"": ""Wir haben noch kein WLAN im Haus.""}"
-1,1b76eaa9d3c6de771acc4b47e5ea4f2ce92305df,,+49441340060,Dexter PLZ 1-2-8,no time,no time; not interested,no sale,0.9,"{""quote"": ""Da habe ich zurzeit auch gar keine Zeit für. Da habe ich noch kein Interesse.""}"
-1,37780b5ef0b0db9bf78e4b46075359cf06ba1b39,,+4961659408330,DEXTER  PLZ 3+6,no time,no time; not interested,no sale,0.9,"{""quote"": ""Keine Zeit, keine Lust und keine Muse.""}"
-1,8f5338b8858390b13a7c095e6011a233e0b04343,,+49723142510,Dexter  PLZ 4-9,no time,no time; very busy,callback requested,0.9,"{""quote"": ""Ich habe dafür momentan keine Zeit""}"
-1,ccbeaad1a420928785cbd57ff1229a999cb1ca83,,+491749612680,Dexter  PLZ 4-9,no time,no time; no resources,callback requested,0.9,"{""quote"": ""ich habe im Moment wirklich null Ressource, da auch mal reinzuschauen.""}"
-1,358f078d4d84006d4bc23c33162bd0c95a431583,,+4923245988213,DEXTER  PLZ 4+5,not a care facility,not a care facility,no sale,0.9,"{""quote"": ""wir sind ja gar keine Pflegeeinrichtung, sondern wir sind eine Einrichtung der Eingliederungshilfe.""}"
-1,3ddf793fdfa901b88b7d8c8df724bd683726d6c7,,+4915259109326,DEXTER  PLZ 3+6,not a care facility,not a care facility,no sale,0.9,"{""quote"": ""wir sind keine Pflegeeinrichtung""}"
-1,607496b5f583ca2b0ab587395819ee2efd077cf8,,+4967236031999,DEXTER  PLZ 3+6,not a care facility,not a care facility,no sale,0.9,"{""quote"": ""wir sind keine Einrichtung, wir sind ein stundenweiser Betreuungsdienst und ich bin die Geschäftsführung""}"
-1,57ecbd05deda1609465eee827aea11a71f88c3b7,,+49695092847,DEXTER  PLZ 3+6,not a care home,not a care home,no sale,0.9,"{""quote"": ""Wir sind aber kein Pflegeheim.""}"
-1,e65d631ab1eebfcd01c14bd2c9ac6afddfa093be,,+49522191480,DEXTER  PLZ 3+6,not a care provider,not a care provider,no sale,0.9,"{""quote"": ""Wir sind nicht in der Pflege tätig""}"
-1,9ddfc35144331c29ce2ceceedeb7cd67767ca419,,+4964289304904,DEXTER  PLZ 3+6,not allowed,not allowed; policy restriction,no sale,0.9,"{""quote"": ""Das ist bei uns nicht erlaubt und das machen wir auch nicht.""}"
-1,0029cd4a7915796fa6b9069923528dbdf99996f4,,+499314601301,Dexter  PLZ 4-9,not available,not available; asked callback,callback requested,0.9,"{""quote"": ""Rufen Sie bitte morgen Vormittag nochmal an, zwischen 9 und 12.""}"
-1,5014cca4b1951055d884767fcaa45b45def7f95c,,+49525118740,DEXTER  PLZ 3+6,not available next week,not available next week,callback planned,0.9,"{""quote"": ""sie ist die nächste Woche auch noch nicht da.""}"
-1,96ad205f339dfe0430702a7a06cdeb4ea030ff21,,+496196594350,Dexter  PLZ 4-9,not conducive for staff,not conducive for staff; timing,no interest,0.9,"{""quote"": ""Danke, aber kein Interesse.""}"
-1,e40ac10cff02d3b9ef34b7cd0bab1ca9d0e79474,,+49790494338100,Dexter  PLZ 4-9,not considering digitalization,not considering digitalization,no interest,0.9,"{""quote"": ""ich habe auch gar kein Interesse.""}"
-1,664700eb807d651c12c606e70b75f56c88f033ee,,+495322789410,DEXTER  PLZ 3+6,not currently implemented,not currently implemented,no appointment,0.9,"{""quote"": ""Ja, aber im Moment wird das bei uns nicht.""}"
-1,168381fdf1a68eba2b451cd10bc8872b1db753cf,,+4985193107411,Dexter  PLZ 4-9,not digitized,not digitized; no internet,no sale,0.95,"{""quote"": ""Wir haben kein Internet im Haus""}"
-1,9c89cd0bc5f94666f825cf7eb6a48a38bf9ff72e,,+499128739190,DEXTER  PLZ 9,not in care business,not in care business,no sale,0.9,"{""quote"": ""weil wir rein in die Wohnungsvermietung haben, das heißt, wir dokumentieren keine Pflege.""}"
-1,0440e26805fe13139af453baeec6e873cedbbeb0,,+492391609890,DEXTER  PLZ 4+5,not relevant,not relevant; not a topic,no sale,0.8,"{""quote"": ""Das kommt für uns nicht infrage.""}"
-1,23c32ffd1da2a30cd60fd24e25f90c0aafb78bb8,,+497441860150,DEXTER  PLZ 7,not relevant,not relevant; small facility,no sale,0.9,"{""quote"": ""Wir brauchen es wirklich nicht.""}"
-1,7148719a580acb3e4aa6cc07899e2551095593df,,+4952474498,DEXTER  PLZ 3+6,not relevant now,not relevant now; no time,callback in january,0.9,"{""quote"": ""im Moment aber nicht von Relevanz bei uns.""}"
-1,794a781ce38c5fe064c0fa7af2a1c730c02c189c,,+4951212835784,DEXTER  PLZ 3+6,not reviewed,not reviewed; needs medifox compatibility,callback requested,0.9,"{""quote"": ""ich bin noch nicht dazu gekommen, mir das anzugucken.""}"
-1,d03e5efd7c855261189bb598c361bffcbe91a24e,,+493943632738,DEXTER  PLZ 3+6,not target,not target; not a care facility,no sale,0.9,"{""quote"": ""wir sind keine Pflegeeinrichtung.""}"
-1,b5e74ca526ecaf81218235da00a720bd718d66a5,,+4923813045442,DEXTER  PLZ 4+5,not target customer,not target customer; not a care facility,no sale,0.95,"{""quote"": ""Wir sind keine Pflegeeinrichtung, wir sind eine Betreuungseinrichtung, das kommt für uns gar nicht infrage.""}"
-1,79285a9d2195ef7a48a9c86a134e5a492a1c52da,,+4925629151115,DEXTER  PLZ 4+5,not target sector,not target sector; hospital,wrong contact,0.9,"{""quote"": ""ich bin der Pflegedirektor hier vom Krankenhaus.""}"
-1,b8760a136de1f0bddd7f559cd4673f505c296eb3,,+49606294290,Dexter  PLZ 4-9,ongoing software update,ongoing software update,no sale,0.9,"{""quote"": ""wir gerade aktuell in einer Softwareaktualisierung drin sind""}"
-1,27992af428ea0501a9a790fbd379f3be4e4334bf,,+4954439910,DEXTER  PLZ 4+5,only purchases via medifox,only purchases via medifox-darm,no meeting,0.9,"{""quote"": ""wenn ich was kaufe, dann nur über Medifox-Darm?""}"
-1,8b7698aeb313b962eef89a9fcf9c9b8099346b28,,+4922463110,DEXTER  PLZ 4+5,other priorities,other priorities; currently focused elsewhere,email requested; follow-up later,0.9,"{""quote"": ""Da können Sie gerne mir eine Mail schicken""}"
-1,f33c6f23718426341d7175c9df62f394391d53a4,,+4921426060,DEXTER  PLZ 4+5,other projects have priority,other projects have priority,follow-up in one year,0.9,"{""quote"": ""Wir haben da im Moment viele andere Projekte, die da Vorrang haben,""}"
-1,5c0407cb171b05accae44535275d62bdb7b65627,,+494952920350,Dexter PLZ 1-2-8,planned implementation early 2026,planned implementation early 2026,no sale,0.95,"{""quote"": ""sind wir mit unserem Softwareanbieter über eine integrierte KI mit Sprechdokumentation bereits im Gespräch""}"
-1,0a396ab521cffc068af2978b52edcdfebd5f5204,,+4941037052000,Dexter PLZ 1-2-8,pr handles advertising,pr handles advertising; not interested,no sale,0.9,"{""quote"": ""an Werbung haben wir gar kein Interesse, weil das macht unsere PR-Abteilung.""}"
-1,36c7d243ba074950b74f3ae4ec929cbbd711cd02,,+493606661119,DEXTER  PLZ 3+6,prefers written information,prefers written information; will review,information email requested,0.9,"{""quote"": ""Schicken Sie es mir zu, danke schön.""}"
-1,3b7b308ed13f25a87e65139c69e0162a575a3371,,+49244495150,Dexter  PLZ 4-9,previous videocalls and trial planned,previous videocalls and trial planned,follow-up scheduled in january,0.9,"{""quote"": ""Und das Ganze gehen wir mal im Januar.""}"
-1,54b375d60fe3c37879fbaa35bf166ec9ac5beaef,,+4947189000,Dexter PLZ 1-2-8,prospect receptive,prospect receptive; checked email,invitation sent,0.85,"{""quote"": ""Jetzt ist was angekommen, ja.""}"
-1,94f875e7c9ec64d781b58f531d3b687b9518a29e,,+49616493100,Dexter  PLZ 4-9,provided bed count,provided bed count,information provided,0.8,"{""quote"": ""89.""}"
-1,57d4767174981d15bbc875057816a56aa27f3f93,,+497934995800,DEXTER  PLZ 9,provided facility details,provided facility details,lead qualified,0.9,"{""quote"": ""50 Betten, ok.""}"
-1,924cdfb10e56db546538d10835e11e579ff10cf4,,+492088826430,DEXTER  PLZ 4+5,provided name and availability,provided name and availability,added to invitation list,0.9,"{""quote"": ""Ich habe Sie für 23 bis 11.45 Uhr eingetragen.""}"
-1,c030528594765ef7061de01ee5aa743cb42f8c2d,,+4960622217,Dexter  PLZ 4-9,received materials,received materials; will review,appointment scheduled,0.7,"{""quote"": ""sehen wir uns dann ja im nächsten Wochen nochmal im Mai""}"
-1,9573437bf3e7b81245f17c7815446a5f5f5b892c,,+492721942360,Dexter  PLZ 4-9,recent implementation,recent implementation; unlikely to switch,no sale,0.9,"{""quote"": ""die gerade frisch geschult auf das neue System.""}"
-1,409154de6726f258de42c45884525f41e1fee41b,,+4936134400,DEXTER  PLZ 9,recipient at pc,recipient at pc,invitation sent,0.9,"{""quote"": ""ich schicke den Einladungslink zu.""}"
-1,b20e580ef8e015d85443b6578d845ee65274e217,,+496322794250,DEXTER  PLZ 3+6,recipient at pc,recipient at pc; can receive link,invitation sent; pending confirmation,0.9,"{""quote"": ""Frau Fiege, sind Sie jetzt vom PC? Ja.""}"
-1,50f554ee83a4946d34dca517347edefb0283d8a2,,+49507277370,DEXTER  PLZ 3+6,redirected to colleague,redirected to colleague,follow-up with colleague,0.9,"{""quote"": ""Und dann das Weitere können Sie auf jeden Fall alles mit ihr besprechen.""}"
-1,4d412335ad188fec7f84173252d04fe1b335b16c,,+4962201554,DEXTER  PLZ 3+6,regulatory oversight,regulatory oversight; two years remaining,no sale,0.9,"{""quote"": ""Die Heimaufsicht hat hier die nächsten zwei Jahre""}"
-1,595fcb3e56fcb7f22d9126afd5d12493422dadad,,+4920432965117,DEXTER  PLZ 4+5,reluctant to change,reluctant to change; transition effort,no sale,0.85,"{""quote"": ""dann möchte man so ein bestehendes System dann auch erstmal nicht so ohne weiteres ändern.""}"
-1,c410aa29652935586f60514f95bcadb637b8b812,,+49394951090,DEXTER  PLZ 3+6,requested data deletion,requested data deletion,no sale,0.9,"{""quote"": ""Sie dürfen unsere Daten löschen.""}"
-1,069dcd5cef839fb25b10051f3b00a921c94ee940,,+492118774990,DEXTER  PLZ 4+5,requested information,requested information; provided email,info to be emailed,0.9,"{""quote"": ""Trotzdem können Sie mir gerne über mein E-Mail die Unterlagen schicken.""}"
-1,ba8a01a24e59f754fe3a8f09b9cf83c1656cbc0f,,+498171217329,Dexter PLZ 1-2-8,requested to speak to manager,requested to speak to manager,connected to decision maker,0.9,"{""quote"": ""Da sind Sie schon richtig.""}"
-1,2f2efd85f1f31fbde4ec448aa13a6b80f9a84d15,,+4929219500,DEXTER  PLZ 4+5,requires written contact only,requires written contact only,email contact accepted,0.9,"{""quote"": ""den Erstkontakt kann man zu Ihnen herstellen, nur per Schriftverkehr, per Mail, ja?""}"
-1,dd395fe9e463d6aabc074f68c70ec86ba4bfb567,,+4999324010,DEXTER  PLZ 9,restructuring,restructuring; no time,callback requested,0.9,"{""quote"": ""Das ist zu viel gerade, also da habe ich keine Zeit für das.""}"
-1,d84a66529aca80e5a574ed086ea5227c9ad79b1e,,+495151823890,DEXTER  PLZ 3+6,satisfied with current voice functionality,satisfied with current voice functionality,postponed review,0.92,"{""quote"": ""aktuell bin ich mit der Sprachfunktion so erst mal ganz gut zufrieden.""}"
-1,8cca87cca59072c83ea4df8e5ec8e6dadcc10c9c,,+49231182010,DEXTER  PLZ 4+5,selected another system,selected another system,no sale,0.9,"{""quote"": ""wir uns für ein anderes System schon unterschieden haben jetzt""}"
-1,21d84dbe70dbf1696c3cb51d3389f93fb1b69372,,+497618963100,DEXTER  PLZ 7,service mismatch,service mismatch; assisted living not care,no sale,0.9,"{""quote"": ""Wir sind kein Pflegeheim, wir sind eine betreute Seniorenwohnanlage""}"
-1,38550df138479dd9f1138caeb353e9403910ab21,,+4933035200,Dexter PLZ 1-2-8,staff training required,staff training required; implementation difficult,no sale,0.9,"{""quote"": ""sie müssen die alle schulen.""}"
-1,8b4183e2f243859402de639d5a6a4e52f2f83305,,+49986898930,Dexter  PLZ 4-9,staff transition,staff transition; successor arriving july,callback in september,0.9,"{""quote"": ""Meine Nachfolgerin kommt im Juli""}"
-1,0cd4b7af2988992dbe4323a7d280576fe1dcb729,,+49911933610,DEXTER  PLZ 9,still manual,still manual; switch next year,future opportunity,0.9,"{""quote"": ""Anfang nächsten Jahres. Also dieses Jahr wird es nichts mehr.""}"
-1,9781827305260e3b0ee00f3745fc629c083f8956,,+494542821618,Dexter PLZ 1-2-8,summer timing,summer timing; no network,callback requested,0.9,"{""quote"": ""Das ist total ungünstig in der Sommerzeit.""}"
-1,b5c778863621c7c85747ad44cad4dca39b14f369,,+493518628100,Dexter PLZ 1-2-8,system change,system change; not interested in ai,no sale,0.9,"{""quote"": ""wir haben jetzt gerade erst eine Umstellung auf ein neues Dokumentationssystem""}"
-1,31c34bc8df51462511ad5eb8cbeb1dc86bf9f733,,+49231477981141,Dexter  PLZ 4-9,system migration,system migration; not considering new projects,no sale,0.9,"{""quote"": ""wir sind gerade in einer Systemumstellung""}"
-1,e81dd8e0e51fa31dfe8dba9ccb580f608e8a73af,,+49231477981141,DEXTER  PLZ 4+5,system migration,system migration; project delayed,callback in spring,0.9,"{""quote"": ""Wir sind auch tatsächlich jetzt gerade in einer kompletten Systemumstellung.""}"
-1,3aebae6303e2809e87116cec30518c8537454d3f,,+493523808825,Dexter PLZ 1-2-8,target absent,target absent,redirected to another contact,0.9,"{""quote"": ""Der Herr Becker ist noch nicht da""}"
-1,899af1ecfb4adeb292e0402c68df1536f773b4cf,,+4957439440,DEXTER  PLZ 3+6,too busy,too busy; restructuring,callback requested,0.9,"{""quote"": ""vielleicht sprechen wir da am besten nochmal zum Ende des Jahres""}"
-1,e9a69b09878d34d24cae106aec774b454a9d09f3,,+4972467081708,DEXTER  PLZ 7,too early,too early; postpone until mid next year,no sale,0.9,"{""quote"": ""Dass wir zum jetzigen Zeitpunkt nichts tun und wir frühestens Mitte nächsten Jahres darauf zugehen.""}"
-1,ed42078bbb1182cf3e34c1f2864a88971b484f74,,+49503797060,DEXTER  PLZ 3+6,too early,too early; no current need,no sale,0.9,"{""quote"": ""Von daher sind wir bei uns ein bisschen zu früh dran.""}"
-1,b8a027bd892ebaacf71fff66625b0d10a1df2df1,,+4943228873952,Dexter PLZ 1-2-8,too small,too small; use local providers,no sale,0.9,"{""quote"": ""Dafür sind wir einfach zu klein.""}"
-1,183cb4a5e9259f7c8fa0d3afe69851aaa1d1d30e,,+49350229230,Dexter PLZ 1-2-8,unsolicited call,unsolicited call; refuses engagement,no sale,0.93,"{""quote"": ""Sie rufen an, blind, und bieten mir hier etwas an.""}"
-1,63ad91638265dfe0af5a585c8eab8035da2e9809,,+4941528838010,Dexter PLZ 1-2-8,upcoming operator change,upcoming operator change; not engaging now,no interest,0.95,"{""quote"": ""Da besteht wirklich kein Interesse, wir stehen kurz vor einem Trägerwechsel""}"
-1,df9385e2f64a80d4e87a06833c202e3b0f90aafe,,+49420297590,Dexter PLZ 1-2-8,uses comda,uses comda; refuses second system,no sale,0.9,"{""quote"": ""Also wir selber machen kein zweites System parallel.""}"
-1,ea7f9002361369e1ae7038fd7c498c9d92a491c4,,+4955087419190,DEXTER  PLZ 3+6,using competitor solution,using competitor solution; satisfied,no sale,0.9,"{""quote"": ""wir nutzen die Spracherkennung oder Sprachdokumentation von der Firma Voize.""}"
-1,4cb23f09db55a910ef3c180d94f354e8b2d8afd4,,+4936758240,DEXTER  PLZ 9,using medifox,using medifox; already in talks,no sale,0.9,"{""quote"": ""Nein, wir haben Medifox da und sind im Moment auch im Gespräch.""}"
-1,5c18b8ae8da45bf7713b843ff26bd8547be398c1,,+49201946110,DEXTER  PLZ 4+5,want single provider,want single provider; existing vendor,no meeting,0.9,"{""quote"": ""wir arbeiten ja schon mit einem Programmhersteller und wir wollen alles aus einer Hand haben""}"
-1,d30175a433d36261c46678a31fc0aae87a9358c4,,+4977636072,DEXTER  PLZ 7,won't decide on phone,won't decide on phone,send information by email,0.9,"{""quote"": ""am Telefon schließe ich nichts ab oder stimme auch nichts zu""}"
-1,9cedfadd9c9053b5687706192eadc25d2c459e4f,,+495114998110,DEXTER  PLZ 3+6,working on model project with voize,working on model project with voize,will contact if needed,0.9,"{""quote"": ""Ich würde aber proaktiv auf Sie zukommen, wenn ich da für mich Bedarf sehe.""}"
-1,abaeef969d7ae2b0c3f139d716703c161d72a581,,+4939718345300,Dexter PLZ 1-2-8,wrong contact,wrong contact; refer to regional or it,no sale,0.85,"{""quote"": ""ist bei mir aber falsch platziert.""}"
